Source File	Size	loadResources	load	generateSnapshots	load-configure	scan	loadDepInfo	loadInfo	checkR4R4B	generateNarratives	validate	loadLists	checkConformanceResources	checkConformanceResources2	checkConformanceResources3	generateLogicalMaps	validateExpressions	scanForUsageStats	checkURLsUnique	processProvenanceDetails	generate1	generate2	generateLogicals	makeDependencies	generateExampleZip	generateValidationPack	scanProfilesForR5	scanExamplesForR5
/fsh-generated/resources/ImplementationGuide-ans.document.fr.core.json	146648	-	0	0	1	0	0	0	26	57	0	0	0	0	0	0	0	4	0	0	358	624	0	0	0	14	0	2
fsh-generated/resources/ConceptMap-FRActLMCDAFHIR.json	10125	10	0	0	0	0	0	0	1	8432	0	0	0	0	0	0	0	0	0	0	46	7240	0	0	0	1	0	0
fsh-generated/resources/ConceptMap-FRAdvanceDirectiveLMCDAFHIR.json	7384	9	0	0	1	0	0	0	0	4461	0	0	0	0	0	0	0	0	0	0	36	4464	0	0	0	1	0	1
fsh-generated/resources/ConceptMap-FRAdverseEventLMCDAFHIR.json	6649	8	0	0	0	0	0	0	1	4353	0	0	0	0	0	0	0	0	0	0	49	4276	0	0	0	0	0	0
fsh-generated/resources/ConceptMap-FRAllergyIntoleranceLMCDAFHIR.json	6696	6	0	0	0	0	0	0	0	5934	0	0	0	0	0	0	0	0	0	0	32	6057	0	0	0	1	0	0
fsh-generated/resources/ConceptMap-FRCarePlanLMCDAFHIR.json	5226	6	0	0	0	0	0	0	0	3125	0	0	0	0	0	0	0	0	0	0	31	3043	0	0	0	0	0	0
fsh-generated/resources/ConceptMap-FRConditionLMCDAFHIR.json	7613	6	0	0	0	0	0	0	1	5326	0	0	0	0	0	0	0	0	0	0	39	5631	0	0	0	1	0	0
fsh-generated/resources/ConceptMap-FRDeviceRequestLMCDAFHIR.json	7653	6	0	0	1	0	0	0	0	4791	0	0	0	0	0	0	0	1	0	0	38	4894	0	0	0	0	0	0
fsh-generated/resources/ConceptMap-FRDeviceUseStatementLMCDAFHIR.json	5476	6	0	0	0	0	0	0	0	3202	0	0	0	0	0	0	0	0	0	0	51	3240	0	0	0	1	0	0
fsh-generated/resources/ConceptMap-FRDiagnosticReportLMCDAFHIR.json	4446	6	0	0	0	0	0	0	1	2726	0	0	0	0	0	0	0	0	0	0	27	2982	0	0	0	0	0	0
fsh-generated/resources/ConceptMap-FRDocumentReferenceLMCDAFHIR.json	5388	6	0	0	0	0	0	0	0	3548	0	0	0	0	0	0	0	0	0	0	29	3615	0	0	0	1	0	0
fsh-generated/resources/ConceptMap-FREncounterLMCDAFHIR.json	6109	6	0	0	0	0	0	0	0	4363	0	0	0	0	0	0	0	0	0	0	34	4388	0	0	0	0	0	0
fsh-generated/resources/ConceptMap-FRFamilyMemberHistoriesLMCDAFHIR.json	5356	6	0	0	0	0	0	0	1	2949	0	0	0	0	0	0	0	0	0	0	37	2945	0	0	0	0	0	0
fsh-generated/resources/ConceptMap-FRFamilyMemberHistoryLMCDAFHIR.json	6727	6	0	0	1	0	0	0	0	4247	0	0	0	0	0	0	0	0	0	0	53	4208	0	0	0	1	0	0
fsh-generated/resources/ConceptMap-FRImagingStudyLMCDAFHIR.json	4631	6	0	0	0	0	0	0	0	2734	0	0	0	0	0	0	0	0	0	0	42	2873	0	0	0	0	0	0
fsh-generated/resources/ConceptMap-FRImmunizationLMCDAFHIR.json	7897	6	0	0	0	0	0	0	1	5880	0	0	0	0	0	0	0	0	0	0	55	5331	0	0	0	1	0	0
fsh-generated/resources/ConceptMap-FRImmunizationRecommendationLMCDAFHIR.json	7305	6	0	0	0	0	0	0	0	4775	0	0	0	0	0	0	0	0	0	0	55	4589	0	0	0	0	0	0
fsh-generated/resources/ConceptMap-FRMediaLMCDAFHIR.json	7859	6	0	0	0	0	0	0	1	5427	0	0	0	0	0	0	0	0	0	0	34	5410	0	0	0	1	0	0
fsh-generated/resources/ConceptMap-FRMedicationAdministrationLMCDAFHIR.json	9727	7	0	0	0	0	0	0	0	6577	0	0	0	0	0	0	0	0	0	0	37	6506	0	0	0	1	0	0
fsh-generated/resources/ConceptMap-mappingAuteurCDAFHIR.json	3968	5	0	0	0	0	0	0	1	18	0	0	0	0	0	0	0	0	0	0	27	60	0	0	0	0	0	0
fsh-generated/resources/ConceptMap-mappingConsentementCDAFHIR.json	3164	6	0	0	0	0	0	0	0	15	0	0	0	0	0	0	0	0	0	0	27	33	0	0	0	0	0	0
fsh-generated/resources/ConceptMap-mappingDestinatairePrevuCDAFHIR.json	6120	6	0	0	1	0	0	0	0	16	0	0	0	0	0	0	0	0	0	0	31	33	0	0	0	1	0	0
fsh-generated/resources/ConceptMap-mappingDocumentDeReferenceCDAFHIR.json	2572	6	0	0	0	0	0	0	0	14	0	0	0	0	0	0	0	0	0	0	23	34	0	0	0	0	0	0
fsh-generated/resources/ConceptMap-mappingEvenementCDAFHIR.json	5478	5	0	0	0	0	0	0	0	17	0	0	0	0	0	0	0	0	0	0	30	30	0	0	0	0	0	0
fsh-generated/resources/ConceptMap-mappingInformateurCDAFHIR.json	2841	6	0	0	0	0	0	0	1	14	0	0	0	0	0	0	0	0	0	0	25	30	0	0	0	1	0	0
fsh-generated/resources/ConceptMap-mappingOperateurSaisieCDAFHIR.json	2678	7	0	0	0	0	0	0	0	13	0	0	0	0	0	0	0	0	0	0	28	31	0	0	0	0	0	0
fsh-generated/resources/ConceptMap-mappingParticipantCDAFHIR.json	8171	9	0	0	0	0	0	0	0	18	0	0	0	0	0	0	0	1	0	0	34	38	0	0	0	1	0	0
fsh-generated/resources/ConceptMap-mappingPatientCDAFHIR.json	17847	9	0	0	0	0	0	0	1	11807	0	0	0	0	0	0	0	0	0	0	53	11688	0	0	0	1	0	0
fsh-generated/resources/ConceptMap-mappingPersonneStructureAssignedEntityFHIR.json	9449	9	0	0	0	0	0	0	1	29	0	0	0	0	0	0	0	0	0	0	48	35	0	0	0	0	0	1
fsh-generated/resources/ConceptMap-mappingPersonneStructureAuteurFHIR.json	9545	9	0	0	0	0	0	0	0	20	0	0	0	0	0	0	0	0	0	0	40	36	0	0	0	1	0	0
fsh-generated/resources/ConceptMap-mappingPersonneStructureRelatedEntityFHIR.json	8572	8	0	0	1	0	0	0	1	1893	0	0	0	0	0	0	0	0	0	0	34	1773	0	0	0	1	0	0
fsh-generated/resources/ConceptMap-mappingPrescriptionCDAFHIR.json	2544	5	0	0	0	0	0	0	0	15	0	0	0	0	0	0	0	0	0	0	28	42	0	0	0	0	0	0
fsh-generated/resources/ConceptMap-mappingPriseEnchargeCDAFHIR.json	10008	7	0	0	0	0	0	0	1	18	0	0	0	0	0	0	0	0	0	0	37	40	0	0	0	1	0	0
fsh-generated/resources/ConceptMap-mappingResponsableCDAFHIR.json	7270	5	0	0	0	0	0	0	0	99	0	0	0	0	0	0	0	0	0	0	32	51	0	0	0	0	0	0
fsh-generated/resources/ConceptMap-mappingStructureConservationCDAFHIR.json	4475	6	0	0	0	0	0	0	0	16	0	0	0	0	0	0	0	0	0	0	28	47	0	0	0	0	0	0
fsh-generated/resources/ConceptMap-mappingSystemeFHIR.json	6491	6	0	0	0	0	0	0	1	4092	0	0	0	0	0	0	0	0	0	0	30	3917	0	0	0	1	0	0
fsh-generated/resources/ConceptMap-mappingValidateurCDAFHIR.json	7139	6	0	0	0	0	0	0	0	17	0	0	0	0	0	0	0	0	0	0	31	43	0	0	0	0	0	0
fsh-generated/resources/ConceptMap-mappingmodelemetierCDAFHIR.json	14066	7	0	0	0	0	0	0	1	22	0	0	0	0	0	0	0	0	0	0	44	40	0	0	0	1	0	0
fsh-generated/resources/StructureDefinition-fr-Observation-vital-signs-panel-document.json	3468	7	0	114	1	0	0	0	0	82	0	0	0	0	0	0	0	1	0	0	232	1639	0	1	0	8	0	1
fsh-generated/resources/StructureDefinition-fr-accession-number-identifier-document.json	1873	9	0	49	0	0	0	0	0	17	0	0	0	0	0	0	0	0	0	0	77	274	0	0	0	3	0	0
fsh-generated/resources/StructureDefinition-fr-actor-extension.json	4421	6	0	57	0	0	0	0	0	24	0	0	0	0	0	0	0	1	0	0	95	296	0	0	0	2	0	0
fsh-generated/resources/StructureDefinition-fr-advance-directive-document.json	4529	7	0	104	0	0	0	0	0	44	0	0	0	0	0	0	0	0	0	0	189	544	0	0	0	6	1	1
fsh-generated/resources/StructureDefinition-fr-adverse-event-document.json	3810	6	0	560	0	0	0	0	0	20	0	0	1	0	0	0	0	1	0	0	111	355	0	0	0	4	0	0
fsh-generated/resources/StructureDefinition-fr-allergie-intolerance-document.json	4823	6	0	117	0	0	0	0	0	19	0	0	0	0	0	0	0	0	0	0	146	411	0	0	0	4	0	1
fsh-generated/resources/StructureDefinition-fr-author-time-extension.json	1471	6	0	10	0	0	0	0	0	12	0	0	0	0	0	0	0	0	0	0	39	115	0	0	0	1	0	0
fsh-generated/resources/StructureDefinition-fr-body-structure-document.json	977	5	0	16	0	0	0	0	0	13	0	0	0	0	0	0	0	0	0	0	58	186	0	0	0	2	0	0
fsh-generated/resources/StructureDefinition-fr-bundle-document.json	6837	7	0	759	1	0	0	0	0	52	0	0	0	0	0	0	0	3	0	0	596	1355	0	0	0	19	0	3
fsh-generated/resources/StructureDefinition-fr-care-plan-document.json	2911	6	0	49	0	0	0	0	0	23	0	0	0	0	0	0	0	0	0	0	166	558	0	0	0	6	0	0
fsh-generated/resources/StructureDefinition-fr-cda-assigned-author.json	6346	7	0	36	0	0	0	0	0	24	0	0	0	0	0	0	0	0	0	0	94	245	0	0	0	2	0	0
fsh-generated/resources/StructureDefinition-fr-cda-assigned-custodian.json	2600	5	0	27	0	0	0	0	0	12	0	0	1	0	0	0	0	1	0	0	48	176	0	0	0	1	0	0
fsh-generated/resources/StructureDefinition-fr-cda-assigned-entity.json	6024	7	0	20	0	0	0	0	0	16	0	0	0	0	0	0	0	0	0	0	100	232	0	0	0	3	0	1
fsh-generated/resources/StructureDefinition-fr-cda-assigned-person.json	3349	6	0	16	0	0	0	0	0	14	0	0	0	0	0	0	0	0	0	0	66	197	0	0	0	2	0	0
fsh-generated/resources/StructureDefinition-fr-cda-associated-entity.json	5042	7	0	47	0	0	0	0	0	14	0	0	0	0	0	0	0	0	0	0	80	155	0	0	0	2	1	0
fsh-generated/resources/StructureDefinition-fr-cda-authenticator.json	3757	6	0	25	0	0	0	0	0	14	0	0	0	0	0	0	0	0	0	0	73	139	0	0	0	2	0	0
fsh-generated/resources/StructureDefinition-fr-cda-author.json	4059	8	0	85	0	0	0	0	0	15	0	0	0	0	0	0	0	0	0	0	80	154	0	0	0	2	0	0
fsh-generated/resources/StructureDefinition-fr-cda-authoring-device.json	2535	6	0	16	1	0	0	1	0	12	0	0	0	0	0	0	0	0	0	0	51	115	0	0	0	1	0	0
fsh-generated/resources/StructureDefinition-fr-cda-authorization.json	3070	6	0	28	0	0	0	0	0	14	0	0	0	0	0	0	0	1	0	0	74	145	0	0	0	2	0	1
fsh-generated/resources/StructureDefinition-fr-cda-clinical-document.json	10683	7	0	159	0	0	0	0	0	19	0	0	0	0	0	0	0	0	0	0	109	146	0	0	0	3	0	0
fsh-generated/resources/StructureDefinition-fr-cda-component-of.json	2558	6	0	36	0	0	0	0	0	21	0	0	0	0	0	0	0	0	0	0	49	114	0	0	0	1	0	0
fsh-generated/resources/StructureDefinition-fr-cda-custodian.json	2503	5	0	8	0	0	0	0	0	15	0	0	0	0	0	0	0	0	0	0	52	122	0	0	0	1	0	0
fsh-generated/resources/StructureDefinition-fr-cda-data-enterer.json	3080	6	0	8	0	0	0	0	0	12	0	0	0	0	0	0	0	0	0	0	57	119	0	0	0	1	0	0
fsh-generated/resources/StructureDefinition-fr-cda-documentation-of.json	2778	6	0	9	0	0	0	0	0	12	0	0	0	0	0	0	0	0	0	0	49	112	0	0	0	1	0	0
fsh-generated/resources/StructureDefinition-fr-cda-encompassing-encounter.json	7022	7	0	10	0	0	0	0	0	21	0	0	0	0	0	0	0	0	0	0	131	181	0	0	0	4	0	0
fsh-generated/resources/StructureDefinition-fr-cda-encounter-participant.json	3079	6	0	8	0	0	0	0	0	12	0	0	0	0	0	0	0	0	0	0	52	168	0	0	0	1	0	1
fsh-generated/resources/StructureDefinition-fr-cda-health-care-facility.json	5686	7	0	9	1	0	0	0	0	18	0	0	1	0	0	0	0	1	0	0	105	177	0	0	0	3	0	0
fsh-generated/resources/StructureDefinition-fr-cda-inFulfillment-of.json	2415	7	0	7	0	0	0	0	0	10	0	0	0	0	0	0	0	0	0	0	46	113	0	0	0	1	0	0
fsh-generated/resources/StructureDefinition-fr-cda-informant.json	3425	5	0	8	0	0	0	0	0	12	0	0	0	0	0	0	0	0	0	0	54	116	0	0	0	1	0	0
fsh-generated/resources/StructureDefinition-fr-cda-information-recipient.json	2733	6	0	8	0	0	0	0	0	20	0	0	0	0	0	0	0	0	0	0	48	109	0	0	0	1	0	0
fsh-generated/resources/StructureDefinition-fr-cda-intended-recipient.json	4781	6	0	10	0	0	0	0	0	28	0	0	0	0	0	0	0	0	0	0	102	170	0	0	0	3	0	0
fsh-generated/resources/StructureDefinition-fr-cda-legal-authenticator.json	4286	6	0	11	0	0	0	0	0	17	0	0	0	0	0	0	0	1	0	0	99	173	0	0	0	2	1	1
fsh-generated/resources/StructureDefinition-fr-cda-name.json	2709	6	0	7	0	0	0	0	0	13	0	0	0	0	0	0	0	0	0	0	57	116	0	0	0	2	0	0
fsh-generated/resources/StructureDefinition-fr-cda-order.json	3357	6	0	9	0	0	0	0	0	13	0	0	0	0	0	0	0	0	0	0	67	122	0	0	0	1	0	0
fsh-generated/resources/StructureDefinition-fr-cda-parent-document.json	2635	6	0	9	0	0	0	0	0	11	0	0	0	0	0	0	0	0	0	0	56	120	0	1	0	1	0	0
fsh-generated/resources/StructureDefinition-fr-cda-participant.json	5151	6	0	9	0	0	0	0	0	15	0	0	0	0	0	0	0	0	0	0	93	142	0	0	0	3	0	0
fsh-generated/resources/StructureDefinition-fr-cda-patient-role.json	3851	6	0	8	1	0	0	0	0	14	0	0	0	0	0	0	0	0	0	0	75	118	0	0	0	2	0	0
fsh-generated/resources/StructureDefinition-fr-cda-patient.json	4704	6	0	9	0	0	0	0	0	16	0	0	0	0	0	0	0	1	0	0	95	165	0	0	0	2	0	1
fsh-generated/resources/StructureDefinition-fr-cda-performer.json	3199	6	0	10	0	0	0	0	0	14	0	0	0	0	0	0	0	0	0	0	77	148	0	0	0	2	0	0
fsh-generated/resources/StructureDefinition-fr-cda-record-target.json	2683	6	0	8	0	0	0	0	0	20	0	0	0	0	0	0	0	0	0	0	51	108	0	0	0	1	0	0
fsh-generated/resources/StructureDefinition-fr-cda-related-document.json	2929	6	0	7	0	0	0	0	0	19	0	0	0	0	0	0	0	0	0	0	49	107	0	0	0	1	0	0
fsh-generated/resources/StructureDefinition-fr-cda-related-entity.json	4547	6	0	9	0	0	0	0	0	15	0	0	0	0	0	0	0	0	0	0	80	162	0	0	0	2	0	0
fsh-generated/resources/StructureDefinition-fr-cda-represented-custodian-organization.json	4237	6	0	8	0	0	0	0	0	12	0	0	0	0	0	0	0	0	0	0	69	139	0	0	0	2	0	0
fsh-generated/resources/StructureDefinition-fr-cda-represented-organization.json	4414	6	0	9	0	0	0	0	0	14	0	0	1	0	0	0	0	0	0	0	73	174	0	0	0	2	0	0
fsh-generated/resources/StructureDefinition-fr-cda-service-event.json	8274	6	0	12	1	0	0	0	0	21	0	0	0	0	0	0	0	1	0	0	155	313	0	0	0	4	0	1
fsh-generated/resources/StructureDefinition-fr-comparison-studies-extension.json	1535	6	0	10	0	0	0	0	1	11	0	0	0	0	0	0	0	0	0	0	39	116	0	0	0	1	0	0
fsh-generated/resources/StructureDefinition-fr-composition-document.json	21277	8	0	34	0	0	0	0	0	73	0	0	0	0	0	0	0	2	0	0	598	904	0	0	0	19	1	2
fsh-generated/resources/StructureDefinition-fr-condition-document.json	7367	7	0	43	0	0	0	0	0	89	0	0	0	0	0	0	0	1	0	0	217	8664	0	0	0	8	0	1
fsh-generated/resources/StructureDefinition-fr-device-auteur-document.json	1623	6	0	13	0	0	0	0	0	31	0	0	1	0	0	0	0	1	0	0	127	284	0	0	0	3	0	1
fsh-generated/resources/StructureDefinition-fr-device-request-document.json	7905	6	0	52	0	0	0	0	0	44	0	0	0	0	0	0	0	1	0	0	224	415	0	0	0	8	0	1
fsh-generated/resources/StructureDefinition-fr-device-use-statement-document.json	6247	7	0	30	0	0	0	0	0	33	0	0	0	0	0	0	0	0	0	0	151	218	0	0	0	4	0	0
fsh-generated/resources/StructureDefinition-fr-diagnostic-report-bio-chapter-document.json	6077	6	0	32	0	0	0	0	0	36	0	0	0	0	0	0	0	1	0	0	167	276	0	0	0	6	0	1
fsh-generated/resources/StructureDefinition-fr-diagnostic-report-document.json	5080	6	0	45	0	0	0	0	0	38	0	0	0	0	0	0	0	0	0	0	227	424	0	0	0	6	0	0
fsh-generated/resources/StructureDefinition-fr-diagnostic-report-imaging-document.json	9434	6	0	46	1	0	0	0	1	90	0	0	0	0	0	0	0	1	0	0	196	430	0	0	0	6	0	1
fsh-generated/resources/StructureDefinition-fr-document-reference-document.json	2885	6	0	39	0	0	0	0	0	30	0	0	0	0	0	0	0	1	0	0	153	270	0	0	0	7	0	1
fsh-generated/resources/StructureDefinition-fr-encounter-care-document.json	4529	7	0	22	0	0	0	0	0	35	0	0	1	0	0	0	0	1	0	0	282	444	0	0	0	10	1	1
fsh-generated/resources/StructureDefinition-fr-encounter-document.json	7205	6	0	68	0	0	0	0	0	62	0	0	0	0	0	0	0	1	0	0	285	398	0	0	0	9	0	1
fsh-generated/resources/StructureDefinition-fr-endpoint-wado-document.json	1713	5	0	22	0	0	0	0	0	25	0	0	0	0	0	0	0	0	0	0	81	158	0	0	0	2	0	0
fsh-generated/resources/StructureDefinition-fr-family-member-history-body-site-extension.json	1767	6	0	14	0	0	0	0	0	21	0	0	0	0	0	0	0	0	0	0	60	119	0	0	0	2	0	1
fsh-generated/resources/StructureDefinition-fr-family-member-history-document.json	6546	6	0	41	0	0	0	0	0	43	0	0	0	0	0	0	0	1	0	0	155	267	0	0	0	4	0	0
fsh-generated/resources/StructureDefinition-fr-human-name-document.json	1307	6	0	8	0	0	0	0	0	14	0	0	0	0	0	0	0	0	0	0	48	114	0	0	0	1	0	0
fsh-generated/resources/StructureDefinition-fr-imaging-procedure-extension.json	1565	6	0	8	0	0	0	0	0	18	0	0	0	0	0	0	0	0	0	0	40	110	0	0	0	1	0	0
fsh-generated/resources/StructureDefinition-fr-imaging-study-document.json	6932	6	0	47	1	0	0	0	0	24	0	0	0	0	0	0	0	1	0	0	165	283	0	0	0	5	0	1
fsh-generated/resources/StructureDefinition-fr-immunization-document.json	12115	7	0	78	0	0	0	0	0	74	0	0	0	0	0	0	0	1	0	0	325	622	0	0	0	11	0	1
fsh-generated/resources/StructureDefinition-fr-immunization-recommendation-document.json	6193	6	0	35	0	0	0	0	0	39	0	0	0	0	0	0	0	1	0	0	161	254	0	0	0	5	0	1
fsh-generated/resources/StructureDefinition-fr-immunization-type-extension.json	1690	6	0	10	0	0	0	0	1	20	0	0	0	0	0	0	0	0	0	0	41	102	0	0	0	1	0	0
fsh-generated/resources/StructureDefinition-fr-interpretation-extension.json	1692	5	0	8	0	0	0	0	0	19	0	0	0	0	0	0	0	0	0	0	38	106	0	0	0	1	0	0
fsh-generated/resources/StructureDefinition-fr-lm-accidents-transfusionnels.json	3754	6	0	8	0	0	0	0	0	20	0	0	0	0	0	0	0	0	0	0	45	121	0	0	0	1	0	0
fsh-generated/resources/StructureDefinition-fr-lm-acte-imagerie.json	3710	6	0	19	0	0	0	0	0	20	0	0	0	0	0	0	0	0	0	0	50	117	0	0	0	1	0	0
fsh-generated/resources/StructureDefinition-fr-lm-acte-substitution.json	1714	6	0	8	0	0	0	0	0	18	0	0	0	0	0	0	0	0	0	0	32	97	0	0	0	0	0	0
fsh-generated/resources/StructureDefinition-fr-lm-acte.json	7272	6	0	13	1	0	0	0	0	47	0	0	0	0	0	0	0	0	0	0	72	130	0	0	0	2	0	0
fsh-generated/resources/StructureDefinition-fr-lm-addendum.json	1891	5	0	9	0	0	0	0	0	20	0	0	1	0	0	0	0	0	0	0	37	99	0	0	0	0	0	0
fsh-generated/resources/StructureDefinition-fr-lm-administration-de-derives-du-sang.json	3908	6	0	9	0	0	0	0	0	21	0	0	0	0	0	0	0	0	0	0	46	105	0	0	0	1	0	0
fsh-generated/resources/StructureDefinition-fr-lm-administration-produit-de-sante.json	6016	6	0	11	0	0	0	0	0	29	0	0	0	0	0	0	0	0	0	0	69	137	0	0	0	2	0	0
fsh-generated/resources/StructureDefinition-fr-lm-allergie-ou-hypersensibilite.json	5392	6	0	9	0	0	0	0	0	23	0	0	0	0	0	0	0	0	0	0	57	122	0	0	0	1	0	0
fsh-generated/resources/StructureDefinition-fr-lm-allergies-et-hypersensibilites.json	2453	5	0	9	0	0	0	0	0	20	0	0	0	0	0	0	0	0	0	0	39	101	0	0	0	1	0	0
fsh-generated/resources/StructureDefinition-fr-lm-antecedent-familial-observe.json	4790	6	0	9	0	0	0	0	0	21	0	0	0	0	0	0	0	0	0	0	55	109	0	0	0	1	0	1
fsh-generated/resources/StructureDefinition-fr-lm-antecedents-familiaux-entree.json	2816	5	0	9	1	0	0	0	0	18	0	0	0	0	0	0	0	0	0	0	41	125	0	0	0	1	0	0
fsh-generated/resources/StructureDefinition-fr-lm-antecedents-familiaux.json	2061	6	0	9	0	0	0	0	0	19	0	0	0	0	0	0	0	0	0	0	37	100	0	0	0	0	0	0
fsh-generated/resources/StructureDefinition-fr-lm-antecedents-medicaux.json	2136	5	0	9	0	0	0	0	0	18	0	0	0	0	0	0	0	0	0	0	39	99	0	0	0	1	0	0
fsh-generated/resources/StructureDefinition-fr-lm-auteur-apsr.json	1085	6	0	17	0	0	0	0	0	18	0	0	0	0	0	0	0	1	0	0	30	95	0	0	0	0	0	0
fsh-generated/resources/StructureDefinition-fr-lm-auteur.json	2831	5	0	0	0	0	0	0	0	19	0	0	0	0	0	0	0	0	0	0	41	134	0	0	0	1	0	0
fsh-generated/resources/StructureDefinition-fr-lm-autorisation-exposition.json	1843	6	0	8	0	0	0	0	0	18	0	0	0	0	0	0	0	0	0	0	34	137	0	0	0	1	0	0
fsh-generated/resources/StructureDefinition-fr-lm-autorisation-substitution.json	1990	5	0	7	0	0	0	0	0	17	0	0	0	0	0	0	0	0	0	0	33	97	0	0	0	0	0	0
fsh-generated/resources/StructureDefinition-fr-lm-batterie-examens-biologie-medicale.json	6983	6	0	12	0	0	0	0	0	12	0	0	0	0	0	0	0	0	0	0	67	142	0	0	0	2	0	0
fsh-generated/resources/StructureDefinition-fr-lm-certitude.json	2915	6	0	8	1	0	0	0	0	11	0	0	0	0	0	0	0	0	0	0	41	99	0	0	0	0	0	0
fsh-generated/resources/StructureDefinition-fr-lm-codes-a-barres.json	1835	6	0	9	0	0	0	0	0	13	0	0	0	0	0	0	0	0	0	0	37	152	0	0	0	1	0	0
fsh-generated/resources/StructureDefinition-fr-lm-commentaire-er.json	2463	5	0	8	0	0	0	0	0	10	0	0	0	0	0	0	0	0	0	0	37	153	0	0	0	1	0	0
fsh-generated/resources/StructureDefinition-fr-lm-commentaire-non-code.json	1570	6	0	9	0	0	0	0	0	17	0	0	0	0	0	0	0	0	0	0	34	149	0	0	0	0	0	0
fsh-generated/resources/StructureDefinition-fr-lm-comparaison-examens-imagerie.json	1852	6	0	8	0	0	0	0	0	18	0	0	0	0	0	0	0	0	0	0	37	120	0	0	0	1	0	0
fsh-generated/resources/StructureDefinition-fr-lm-complications-acte.json	1705	5	0	8	0	0	0	0	0	18	0	0	0	0	0	0	0	0	0	0	39	98	0	0	0	0	0	0
fsh-generated/resources/StructureDefinition-fr-lm-conclusion-examen-imagerie.json	1812	6	0	9	0	0	0	0	0	15	0	0	0	0	0	0	0	0	0	0	36	94	0	1	0	1	0	0
fsh-generated/resources/StructureDefinition-fr-lm-consentement.json	2265	5	0	8	1	0	0	0	0	10	0	0	0	0	0	0	0	0	0	0	35	91	0	0	0	1	0	0
fsh-generated/resources/StructureDefinition-fr-lm-corps-document.json	22236	7	0	16	0	0	0	0	0	19	0	0	0	0	0	0	0	0	0	0	158	178	0	0	0	4	0	1
fsh-generated/resources/StructureDefinition-fr-lm-cr-bio-chapitre.json	3215	5	0	9	0	0	0	0	0	11	0	0	0	0	0	0	0	0	0	0	44	96	0	0	0	1	0	0
fsh-generated/resources/StructureDefinition-fr-lm-cr-bio-sous-chapitre.json	2365	6	0	9	0	0	0	0	0	9	0	0	0	0	0	0	0	0	0	0	39	93	0	0	0	0	0	0
fsh-generated/resources/StructureDefinition-fr-lm-criticite.json	2915	6	0	10	0	0	0	0	0	11	0	0	0	0	0	0	0	0	0	0	41	105	0	0	0	1	0	0
fsh-generated/resources/StructureDefinition-fr-lm-demande-examen-imagerie.json	1772	5	0	9	0	0	0	0	0	9	0	0	0	0	0	0	0	0	0	0	36	90	0	0	0	1	0	0
fsh-generated/resources/StructureDefinition-fr-lm-demande-examen-ou-suivi.json	4728	6	0	8	0	0	0	0	0	11	0	0	0	0	0	0	0	1	0	0	53	101	0	0	0	1	0	0
fsh-generated/resources/StructureDefinition-fr-lm-destinataire-prevu.json	2284	6	0	11	0	0	0	0	0	106	0	0	0	0	0	0	0	0	0	0	32	86	0	0	0	0	0	0
fsh-generated/resources/StructureDefinition-fr-lm-directive-anticipee.json	5236	5	0	10	1	0	0	0	0	16	0	0	0	0	0	0	0	0	0	0	56	106	0	0	0	2	0	0
fsh-generated/resources/StructureDefinition-fr-lm-directives-anticipees.json	2057	6	0	9	0	0	0	0	0	11	0	0	0	0	0	0	0	0	0	0	41	92	0	0	0	0	0	0
fsh-generated/resources/StructureDefinition-fr-lm-dispensation-medicaments.json	2632	5	0	10	0	0	0	0	0	10	0	0	0	0	0	0	0	0	0	0	41	95	0	0	0	1	0	0
fsh-generated/resources/StructureDefinition-fr-lm-dispositif-medical-entree.json	6442	6	0	11	0	0	0	0	0	14	0	0	0	0	0	0	0	0	0	0	65	110	0	0	0	1	0	0
fsh-generated/resources/StructureDefinition-fr-lm-dispositif-medical.json	2399	6	0	10	0	0	0	0	0	11	0	0	0	0	0	0	0	0	0	0	44	103	0	0	0	1	0	0
fsh-generated/resources/StructureDefinition-fr-lm-dispositifs-medicaux.json	2034	5	0	9	0	0	0	0	0	10	0	0	0	0	0	0	0	0	0	0	39	93	0	0	0	1	0	0
fsh-generated/resources/StructureDefinition-fr-lm-document-attache.json	4637	6	0	9	0	0	0	0	0	12	0	0	0	0	0	0	0	0	0	0	57	104	0	0	0	1	0	0
fsh-generated/resources/StructureDefinition-fr-lm-document-pdf-copie.json	2143	5	0	10	0	0	0	0	0	10	0	0	0	0	0	0	0	0	0	0	39	94	0	0	0	1	0	0
fsh-generated/resources/StructureDefinition-fr-lm-document-reference.json	1936	6	0	10	1	0	0	0	0	10	0	0	0	0	0	0	0	0	0	0	32	87	0	0	0	0	0	0
fsh-generated/resources/StructureDefinition-fr-lm-documents-ajoutes.json	2388	5	0	9	0	0	0	0	0	13	0	0	0	0	0	0	0	0	0	0	41	120	0	0	0	0	0	0
fsh-generated/resources/StructureDefinition-fr-lm-dose-antigene.json	2063	6	0	8	0	0	0	0	0	17	0	0	0	0	0	0	0	0	0	0	33	93	0	0	0	1	0	1
fsh-generated/resources/StructureDefinition-fr-lm-echantillon-preleve.json	2438	5	0	9	0	0	0	0	0	19	0	0	0	0	0	0	0	0	0	0	37	95	0	0	0	1	0	0
fsh-generated/resources/StructureDefinition-fr-lm-education-patient.json	2660	6	0	9	0	0	0	0	0	19	0	0	1	0	0	0	0	0	0	0	45	100	0	0	0	0	0	0
fsh-generated/resources/StructureDefinition-fr-lm-effet-indesirable.json	5331	6	0	9	0	0	0	0	0	18	0	0	0	0	0	0	0	0	0	0	55	108	0	0	0	2	0	0
fsh-generated/resources/StructureDefinition-fr-lm-effets-indesirables.json	2145	5	0	9	0	0	0	0	0	21	0	0	0	0	0	0	0	0	0	0	39	92	0	0	0	0	0	0
fsh-generated/resources/StructureDefinition-fr-lm-en-rapport-avec-accident-travail.json	3824	6	0	9	0	0	0	0	0	21	0	0	0	0	0	0	0	1	0	0	45	96	0	0	0	1	0	0
fsh-generated/resources/StructureDefinition-fr-lm-en-rapport-avec-ald.json	3621	6	0	9	1	0	0	0	0	22	0	0	0	0	0	0	0	0	0	0	45	97	0	0	0	1	0	0
fsh-generated/resources/StructureDefinition-fr-lm-en-rapport-avec-la-prevention.json	3740	6	0	10	0	0	0	0	0	20	0	0	0	0	0	0	0	0	0	0	45	96	0	0	0	1	0	0
fsh-generated/resources/StructureDefinition-fr-lm-entete-document.json	11475	6	0	11	0	0	0	0	0	28	0	0	0	0	0	0	0	0	0	0	93	130	0	0	0	2	0	0
fsh-generated/resources/StructureDefinition-fr-lm-evaluation-composant-n2.json	3990	5	0	10	0	0	0	0	0	21	0	0	0	0	0	0	0	0	0	0	47	99	0	0	0	1	0	0
fsh-generated/resources/StructureDefinition-fr-lm-evaluation-composant.json	4343	6	0	9	0	0	0	0	0	22	0	0	0	0	0	0	0	0	0	0	50	107	0	0	0	1	0	0
fsh-generated/resources/StructureDefinition-fr-lm-evaluation.json	5747	6	0	9	0	0	0	0	0	17	0	0	0	0	0	0	0	0	0	0	59	110	0	0	0	1	0	0
fsh-generated/resources/StructureDefinition-fr-lm-evenement-indesirable-pendant-hospitalisation.json	4340	5	0	9	0	0	0	0	0	12	0	0	0	0	0	0	0	0	0	0	48	99	0	0	0	1	0	0
fsh-generated/resources/StructureDefinition-fr-lm-evenement.json	6881	6	0	11	1	0	0	0	0	13	0	0	0	0	0	0	0	0	0	0	66	112	0	0	0	2	0	0
fsh-generated/resources/StructureDefinition-fr-lm-evenements-indesirables-suite-administration-derives-sang.json	4704	5	0	9	0	0	0	0	0	12	0	0	0	0	0	0	0	0	0	0	49	99	0	0	0	1	0	1
fsh-generated/resources/StructureDefinition-fr-lm-evolution-effet-indesirable.json	2523	6	0	8	0	0	0	0	0	10	0	0	0	0	0	0	0	0	0	0	63	91	0	0	0	1	0	0
fsh-generated/resources/StructureDefinition-fr-lm-examen-imagerie.json	3235	6	0	9	0	0	0	0	0	11	0	0	0	0	0	0	0	0	0	0	45	99	0	0	0	1	0	0
fsh-generated/resources/StructureDefinition-fr-lm-exposition-radiations.json	2599	5	0	10	0	0	0	0	0	10	0	0	0	0	0	0	0	0	0	0	41	100	0	0	0	0	0	0
fsh-generated/resources/StructureDefinition-fr-lm-facteurs-de-risque-professionnels-non-code.json	1863	6	0	10	0	0	0	0	0	10	0	0	0	0	0	0	0	0	0	0	34	92	0	0	0	1	0	0
fsh-generated/resources/StructureDefinition-fr-lm-fonctions-physiques.json	2360	5	0	9	0	0	0	0	0	10	0	0	0	0	0	0	0	1	0	0	40	95	0	0	0	1	0	0
fsh-generated/resources/StructureDefinition-fr-lm-gravite-effet-indesirable.json	2513	6	0	9	0	0	0	0	0	10	0	0	0	0	0	0	0	0	0	0	36	95	0	0	0	0	0	0
fsh-generated/resources/StructureDefinition-fr-lm-group-de-questionnaires-devaluation.json	3493	5	0	9	1	0	0	0	0	12	0	0	0	0	0	0	0	0	0	0	44	98	0	0	0	1	0	0
fsh-generated/resources/StructureDefinition-fr-lm-habitus-mode-de-vie-entree.json	3273	6	0	8	0	0	0	0	0	11	0	0	0	0	0	0	0	0	0	0	43	97	0	0	0	1	0	0
fsh-generated/resources/StructureDefinition-fr-lm-habitus-mode-de-vie.json	2041	5	0	9	0	0	0	0	0	11	0	0	0	0	0	0	0	0	0	0	39	93	0	0	0	1	0	0
fsh-generated/resources/StructureDefinition-fr-lm-historique-des-actes.json	2491	6	0	9	0	0	0	0	0	12	0	0	0	0	0	0	0	0	0	0	41	95	0	0	0	0	0	0
fsh-generated/resources/StructureDefinition-fr-lm-historique-des-grossesses.json	2322	5	0	17	0	0	0	0	0	11	0	0	0	0	0	0	0	0	0	0	41	92	0	0	0	1	0	0
fsh-generated/resources/StructureDefinition-fr-lm-historique-grossesse.json	3643	6	0	7	0	0	0	0	0	11	0	0	0	0	0	0	0	0	0	0	49	99	0	0	0	1	0	0
fsh-generated/resources/StructureDefinition-fr-lm-hors-amm.json	3379	6	0	9	0	0	0	0	0	10	0	0	0	0	0	0	0	0	0	0	44	97	0	0	0	1	0	0
fsh-generated/resources/StructureDefinition-fr-lm-identification-de-micro-organismes-multiresistants.json	4444	5	0	9	0	0	0	0	0	11	0	0	0	0	0	0	0	0	0	0	48	103	0	0	0	1	0	0
fsh-generated/resources/StructureDefinition-fr-lm-image-illustrative.json	5709	6	0	9	1	0	0	0	0	13	0	0	0	0	0	0	0	1	0	0	61	143	0	0	0	1	0	0
fsh-generated/resources/StructureDefinition-fr-lm-imputabilite-effet-indesirable.json	2623	5	0	13	0	0	0	0	0	10	0	0	0	0	0	0	0	0	0	0	39	95	0	0	0	1	0	0
fsh-generated/resources/StructureDefinition-fr-lm-informant-apsr.json	1128	6	0	22	0	0	0	0	0	8	0	0	0	0	0	0	0	0	0	0	29	85	0	0	0	0	0	0
fsh-generated/resources/StructureDefinition-fr-lm-informateur.json	1805	5	0	0	0	0	0	0	0	9	0	0	0	0	0	0	0	0	0	0	31	86	0	0	0	1	0	0
fsh-generated/resources/StructureDefinition-fr-lm-informations-cliniques.json	5256	6	0	10	0	0	0	0	0	12	0	0	0	0	0	0	0	0	0	0	59	107	0	0	0	1	1	1
fsh-generated/resources/StructureDefinition-fr-lm-instruction-au-patient.json	3383	6	0	10	0	0	0	0	0	12	0	0	0	0	0	0	0	0	0	0	43	97	0	0	0	1	0	0
fsh-generated/resources/StructureDefinition-fr-lm-instructions-au-dispensateur.json	2758	5	0	8	0	0	0	0	0	9	0	0	0	0	0	0	0	0	0	0	39	95	0	0	0	1	0	0
fsh-generated/resources/StructureDefinition-fr-lm-instructions-patient.json	3022	6	0	8	0	0	0	0	0	10	0	0	0	0	0	0	0	0	0	0	41	94	0	0	0	0	0	0
fsh-generated/resources/StructureDefinition-fr-lm-isolat-microbiologique.json	9998	5	0	11	1	0	0	0	0	14	0	0	0	0	0	0	0	0	0	0	88	123	0	0	0	2	0	0
fsh-generated/resources/StructureDefinition-fr-lm-laboratoire-executant.json	1697	6	0	8	0	0	0	0	0	9	0	0	0	0	0	0	0	0	0	0	33	88	0	0	0	1	0	0
fsh-generated/resources/StructureDefinition-fr-lm-modalite-entree.json	3609	6	0	9	0	0	0	0	0	11	0	0	0	0	0	0	0	0	0	0	46	101	0	0	0	1	0	0
fsh-generated/resources/StructureDefinition-fr-lm-modalite-sortie.json	3646	5	0	10	0	0	0	0	0	10	0	0	0	0	0	0	0	1	0	0	46	101	0	0	0	1	0	0
fsh-generated/resources/StructureDefinition-fr-lm-naissance.json	3437	6	0	8	0	0	0	0	0	11	0	0	0	0	0	0	0	0	0	0	45	98	0	0	0	1	0	0
fsh-generated/resources/StructureDefinition-fr-lm-non-remboursable.json	3419	5	0	9	0	0	0	0	0	10	0	0	0	0	0	0	0	0	0	0	45	96	0	0	0	0	0	0
fsh-generated/resources/StructureDefinition-fr-lm-notes-dispensateur.json	2589	6	0	8	0	0	0	0	0	10	0	0	1	0	0	0	0	0	0	0	38	93	0	0	0	1	0	0
fsh-generated/resources/StructureDefinition-fr-lm-object-catalog.json	1919	5	0	9	0	0	0	0	0	9	0	0	0	0	0	0	0	0	0	0	39	92	0	0	0	1	0	0
fsh-generated/resources/StructureDefinition-fr-lm-observation-grossesse.json	3218	6	0	8	1	0	0	0	0	10	0	0	0	0	0	0	0	0	0	0	42	97	0	0	0	1	0	0
fsh-generated/resources/StructureDefinition-fr-lm-observation.json	5014	6	0	9	0	0	0	0	0	12	0	0	0	0	0	0	0	0	0	0	57	108	0	0	0	1	0	0
fsh-generated/resources/StructureDefinition-fr-lm-operateur-saisie.json	1927	5	0	7	0	0	0	0	0	9	0	0	0	0	0	0	0	0	0	0	33	87	0	0	0	0	0	0
fsh-generated/resources/StructureDefinition-fr-lm-participant-apsr.json	5185	6	0	16	0	0	0	0	0	15	0	0	0	0	0	0	0	0	0	0	78	133	0	0	0	2	0	1
fsh-generated/resources/StructureDefinition-fr-lm-participant-corps.json	7923	6	0	18	0	0	0	0	0	15	0	0	0	0	0	0	0	1	0	0	103	151	0	0	0	2	0	0
fsh-generated/resources/StructureDefinition-fr-lm-participant.json	2666	6	0	8	0	0	0	0	0	10	0	0	0	0	0	0	0	0	0	0	41	92	0	0	0	1	0	0
fsh-generated/resources/StructureDefinition-fr-lm-patient-sujet-non-humain.json	1787	5	0	8	0	0	0	0	0	9	0	0	0	0	0	0	0	0	0	0	33	88	0	0	0	1	0	0
fsh-generated/resources/StructureDefinition-fr-lm-patient-usager.json	16789	6	0	17	1	0	0	0	0	26	0	0	0	0	0	0	0	0	0	0	148	192	0	0	0	4	0	0
fsh-generated/resources/StructureDefinition-fr-lm-performer.json	1824	6	0	8	0	0	0	0	0	10	0	0	0	0	0	0	0	0	0	0	34	118	0	0	0	0	0	0
fsh-generated/resources/StructureDefinition-fr-lm-periode-de-renouvellement.json	1581	5	0	8	0	0	0	0	0	9	0	0	0	0	0	0	0	0	0	0	30	87	0	0	0	1	0	0
fsh-generated/resources/StructureDefinition-fr-lm-personne-structure-auteur.json	7778	6	0	10	0	0	0	0	0	13	0	0	0	0	0	0	0	0	0	0	72	120	0	0	0	1	0	0
fsh-generated/resources/StructureDefinition-fr-lm-personne-structure.json	7587	6	0	10	0	0	0	0	0	13	0	0	0	0	0	0	0	0	0	0	74	121	0	0	0	2	0	0
fsh-generated/resources/StructureDefinition-fr-lm-plan-soins.json	3527	5	0	10	0	0	0	0	0	11	0	0	0	0	0	0	0	0	0	0	51	104	0	0	0	1	0	0
fsh-generated/resources/StructureDefinition-fr-lm-points-de-vigilances-non-code.json	1862	6	0	8	0	0	0	0	0	9	0	0	0	0	0	0	0	0	0	0	37	95	0	0	0	1	0	1
fsh-generated/resources/StructureDefinition-fr-lm-prelevement.json	4147	6	0	9	1	0	0	0	0	12	0	0	0	0	0	0	0	0	0	0	47	114	0	0	0	1	0	0
fsh-generated/resources/StructureDefinition-fr-lm-prescription-dispositifs-medicaux.json	2705	5	0	9	0	0	0	0	0	9	0	0	0	0	0	0	0	0	0	0	41	106	0	0	0	0	0	0
fsh-generated/resources/StructureDefinition-fr-lm-prescription-entree.json	3450	6	0	8	0	0	0	0	0	11	0	0	0	0	0	0	0	0	0	0	44	96	0	0	0	1	0	0
fsh-generated/resources/StructureDefinition-fr-lm-prescription-medicaments.json	2522	6	0	10	0	0	0	0	0	10	0	0	0	0	0	0	0	0	0	0	39	100	0	0	0	1	0	0
fsh-generated/resources/StructureDefinition-fr-lm-prescription.json	1896	5	0	8	0	0	0	0	0	10	0	0	0	0	0	0	0	0	0	0	34	88	0	0	0	1	0	0
fsh-generated/resources/StructureDefinition-fr-lm-prise-en-charge.json	9593	6	0	12	0	0	0	0	0	13	0	0	0	0	0	0	0	1	0	0	88	130	0	0	0	2	0	0
fsh-generated/resources/StructureDefinition-fr-lm-probleme.json	6935	6	0	10	0	0	0	0	0	13	0	0	0	0	0	0	0	0	0	0	69	115	0	0	0	1	0	0
fsh-generated/resources/StructureDefinition-fr-lm-problemes-actifs.json	2056	5	0	9	0	0	0	0	0	10	0	0	0	0	0	0	0	0	0	0	39	94	0	0	0	1	0	0
fsh-generated/resources/StructureDefinition-fr-lm-produit-sante.json	4690	6	0	11	1	0	0	0	0	14	0	0	0	0	0	0	0	0	0	0	65	116	0	0	0	1	0	0
fsh-generated/resources/StructureDefinition-fr-lm-quantite-exposition.json	4781	6	0	13	0	0	0	0	0	13	0	0	0	0	0	0	0	0	0	0	68	130	0	0	0	2	0	0
fsh-generated/resources/StructureDefinition-fr-lm-quantite-produit.json	1744	5	0	8	0	0	0	0	0	9	0	0	0	0	0	0	0	0	0	0	32	88	0	0	0	0	0	0
fsh-generated/resources/StructureDefinition-fr-lm-raison-recommandation-non-code.json	1737	6	0	10	0	0	0	0	0	9	0	0	0	0	0	0	0	0	0	0	34	96	0	0	0	1	0	0
fsh-generated/resources/StructureDefinition-fr-lm-raison-recommandation.json	2458	5	0	10	0	0	0	0	0	10	0	0	0	0	0	0	0	0	0	0	40	94	0	0	0	1	0	0
fsh-generated/resources/StructureDefinition-fr-lm-rang-vaccination.json	4592	6	0	9	0	0	0	0	0	11	0	0	0	0	0	0	0	0	0	0	53	103	0	0	0	1	0	1
fsh-generated/resources/StructureDefinition-fr-lm-recherche-de-micro-organismes.json	3805	5	0	9	0	0	0	0	0	11	0	0	0	0	0	0	0	0	0	0	46	97	0	0	0	1	0	0
fsh-generated/resources/StructureDefinition-fr-lm-reference-interne.json	2116	6	0	8	1	0	0	0	0	9	0	0	0	0	0	0	0	0	0	0	33	87	0	0	0	0	0	0
fsh-generated/resources/StructureDefinition-fr-lm-reference-item-plan-traitement.json	4586	5	0	11	0	0	0	0	0	11	0	0	0	0	0	0	0	0	0	0	49	99	0	0	0	1	0	0
fsh-generated/resources/StructureDefinition-fr-lm-reference-item-prescription.json	4577	6	0	9	0	0	0	0	0	17	0	0	0	0	0	0	0	0	0	0	50	99	0	1	0	1	0	0
fsh-generated/resources/StructureDefinition-fr-lm-references-externes.json	3841	5	0	9	0	0	0	0	0	11	0	0	1	0	0	0	0	1	0	0	46	98	0	0	0	1	0	0
fsh-generated/resources/StructureDefinition-fr-lm-rencontre.json	4628	6	0	9	0	0	0	0	0	20	0	0	0	0	0	0	0	0	0	0	52	101	0	0	0	1	0	0
fsh-generated/resources/StructureDefinition-fr-lm-responsable.json	2818	6	0	13	0	0	0	0	0	9	0	0	0	0	0	0	0	0	0	0	35	89	0	0	0	1	0	0
fsh-generated/resources/StructureDefinition-fr-lm-resultat-examens-biologie-element-clinique-pertinent.json	10355	5	0	20	0	0	0	0	0	14	0	0	0	0	0	0	0	0	0	0	85	142	0	0	0	2	0	0
fsh-generated/resources/StructureDefinition-fr-lm-resultats-entree.json	3383	6	0	16	1	0	0	0	0	10	0	0	0	0	0	0	0	0	0	0	44	97	0	0	0	1	0	0
fsh-generated/resources/StructureDefinition-fr-lm-resultats-evenements.json	2761	5	0	96	0	0	0	0	0	10	0	0	0	0	0	0	0	0	0	0	43	95	0	0	0	0	0	0
fsh-generated/resources/StructureDefinition-fr-lm-resultats-examen-imagerie.json	1808	6	0	9	0	0	0	0	0	10	0	0	0	0	0	0	0	0	0	0	36	91	0	0	0	1	0	0
fsh-generated/resources/StructureDefinition-fr-lm-resultats-examens-biologie-medicale.json	8428	5	0	10	0	0	0	0	0	12	0	0	0	0	0	0	0	0	0	0	74	113	0	0	0	2	0	0
fsh-generated/resources/StructureDefinition-fr-lm-resultats-examens-non-code.json	1669	6	0	9	1	0	0	0	0	16	0	0	0	0	0	0	0	0	0	0	35	90	0	0	0	0	0	0
fsh-generated/resources/StructureDefinition-fr-lm-resultats-examens.json	2684	5	0	10	0	0	0	0	0	10	0	0	0	0	0	0	0	0	0	0	41	95	0	0	0	1	0	0
fsh-generated/resources/StructureDefinition-fr-lm-resultats-laboratoire-biologie-seconde-intention.json	2799	6	0	9	0	0	0	0	0	10	0	0	0	0	0	0	0	0	0	0	42	94	0	0	0	1	0	0
fsh-generated/resources/StructureDefinition-fr-lm-resultats.json	1833	5	0	9	0	0	0	0	0	10	0	0	0	0	0	0	0	0	0	0	38	93	0	0	0	0	0	1
fsh-generated/resources/StructureDefinition-fr-lm-section.json	2441	6	0	0	1	0	0	0	0	10	0	0	0	0	0	0	0	0	0	0	38	93	0	0	0	1	0	0
fsh-generated/resources/StructureDefinition-fr-lm-serie-imagerie.json	4065	5	0	10	0	0	0	0	0	11	0	0	0	0	0	0	0	0	0	0	50	100	0	0	0	1	0	0
fsh-generated/resources/StructureDefinition-fr-lm-severite.json	2632	6	0	9	0	0	0	0	0	20	0	0	0	0	0	0	0	0	0	0	40	94	0	0	0	1	0	0
fsh-generated/resources/StructureDefinition-fr-lm-signe-vital-observe.json	4575	5	0	9	0	0	0	0	0	12	0	0	0	0	0	0	0	0	0	0	52	104	0	0	0	1	0	0
fsh-generated/resources/StructureDefinition-fr-lm-signe-vital.json	3025	6	0	9	1	0	0	0	0	10	0	0	0	0	0	0	0	0	0	0	41	99	0	0	0	1	0	0
fsh-generated/resources/StructureDefinition-fr-lm-signes-vitaux.json	2025	5	0	9	0	0	0	0	0	10	0	0	0	0	0	0	0	0	0	0	38	95	0	0	0	0	0	0
fsh-generated/resources/StructureDefinition-fr-lm-sop-instance.json	3070	6	0	10	0	0	0	0	0	10	0	0	0	0	0	0	0	1	0	0	43	100	0	0	0	1	0	0
fsh-generated/resources/StructureDefinition-fr-lm-statut-clinique-patient.json	2667	5	0	9	1	0	0	0	0	10	0	0	0	0	0	0	0	0	0	0	41	96	0	0	0	1	0	0
fsh-generated/resources/StructureDefinition-fr-lm-statut-document-entree.json	3700	6	0	9	0	0	0	0	0	11	0	0	0	0	0	0	0	0	0	0	46	101	0	0	0	1	0	0
fsh-generated/resources/StructureDefinition-fr-lm-statut-document.json	2108	5	0	8	0	0	0	0	0	10	0	0	0	0	0	0	0	0	0	0	40	94	0	0	0	0	0	0
fsh-generated/resources/StructureDefinition-fr-lm-statut-fonctionnel.json	2830	6	0	10	0	0	0	0	0	10	0	0	0	0	0	0	0	0	0	0	43	96	0	0	0	1	0	0
fsh-generated/resources/StructureDefinition-fr-lm-statut-probleme.json	2462	5	0	8	1	0	0	0	0	10	0	0	0	0	0	0	0	0	0	0	37	91	0	0	0	1	0	0
fsh-generated/resources/StructureDefinition-fr-lm-statut.json	3182	6	0	8	0	0	0	0	0	10	0	0	0	0	0	0	0	0	0	0	43	96	0	0	0	1	0	0
fsh-generated/resources/StructureDefinition-fr-lm-structure-conservation.json	3209	5	0	9	0	0	0	0	0	10	0	0	0	0	0	0	0	0	0	0	41	92	0	0	0	0	0	0
fsh-generated/resources/StructureDefinition-fr-lm-sujet-non-humain.json	1656	6	0	8	0	0	0	0	0	9	0	0	0	0	0	0	0	0	0	0	32	88	0	0	0	1	0	0
fsh-generated/resources/StructureDefinition-fr-lm-sujet.json	5782	5	0	13	1	0	0	0	0	14	0	0	0	0	0	0	0	0	0	0	76	131	0	0	0	2	0	0
fsh-generated/resources/StructureDefinition-fr-lm-synthese-medicale-sejour.json	3745	6	0	15	0	0	0	0	0	10	0	0	0	0	0	0	0	0	0	0	46	97	0	0	0	1	0	0
fsh-generated/resources/StructureDefinition-fr-lm-systeme-structure-auteur.json	5160	6	0	9	0	0	0	0	0	12	0	0	0	0	0	0	0	0	0	0	56	105	0	0	0	1	0	1
fsh-generated/resources/StructureDefinition-fr-lm-technique-imagerie.json	5107	5	0	13	0	0	0	0	0	14	0	0	0	0	0	0	0	1	0	0	70	144	0	0	0	2	0	0
fsh-generated/resources/StructureDefinition-fr-lm-traitement-dispense.json	5172	6	0	17	1	0	0	0	0	11	0	0	0	0	0	0	0	0	0	0	55	107	0	0	0	4	0	0
fsh-generated/resources/StructureDefinition-fr-lm-traitement-prescrit-subordonne.json	4293	6	0	17	0	0	0	0	0	11	0	0	0	0	0	0	0	0	0	0	52	126	0	0	0	1	0	0
fsh-generated/resources/StructureDefinition-fr-lm-traitement-prescrit.json	13326	6	0	17	0	0	0	0	0	17	0	0	0	0	0	0	0	0	0	0	118	171	0	0	0	3	0	0
fsh-generated/resources/StructureDefinition-fr-lm-traitement-sortie.json	1972	5	0	17	1	0	0	0	0	11	0	0	0	0	0	0	0	0	0	0	37	94	0	0	0	1	0	0
fsh-generated/resources/StructureDefinition-fr-lm-traitement-subordonne.json	3681	6	0	10	0	0	0	0	0	10	0	0	1	0	0	0	0	0	0	0	47	98	0	0	0	1	0	0
fsh-generated/resources/StructureDefinition-fr-lm-traitement.json	7428	6	0	11	0	0	0	0	0	13	0	0	0	0	0	0	0	0	0	0	77	125	0	0	0	2	0	0
fsh-generated/resources/StructureDefinition-fr-lm-traitements-administres.json	2052	5	0	17	0	0	0	0	0	10	0	0	0	0	0	0	0	0	0	0	36	96	0	0	0	0	0	0
fsh-generated/resources/StructureDefinition-fr-lm-traitements.json	1971	6	0	17	1	0	0	0	0	10	0	0	0	0	0	0	0	0	0	0	38	94	0	0	0	1	0	0
fsh-generated/resources/StructureDefinition-fr-lm-transfert-du-patient.json	3175	5	0	18	0	0	0	0	0	10	0	0	0	0	0	0	0	0	0	0	43	100	0	0	0	1	0	0
fsh-generated/resources/StructureDefinition-fr-lm-transfusion-de-produits-sanguins.json	3865	6	0	15	0	0	0	0	0	10	0	0	0	0	0	0	0	0	0	0	46	113	0	0	0	1	0	0
fsh-generated/resources/StructureDefinition-fr-lm-vaccin-recommande.json	5733	5	0	10	0	0	0	0	0	11	0	0	0	0	0	0	0	1	0	0	60	111	0	0	0	1	0	1
fsh-generated/resources/StructureDefinition-fr-lm-vaccination.json	6189	6	0	12	0	0	0	0	0	12	0	0	0	0	0	0	0	0	0	0	63	114	0	0	0	1	0	0
fsh-generated/resources/StructureDefinition-fr-lm-vaccinations.json	1872	6	0	10	0	0	0	0	0	9	0	0	0	0	0	0	0	0	0	0	38	96	0	0	0	1	0	0
fsh-generated/resources/StructureDefinition-fr-lm-validateur.json	2274	5	0	8	0	0	0	0	0	9	0	0	0	0	0	0	0	0	0	0	33	90	0	0	0	1	0	0
fsh-generated/resources/StructureDefinition-fr-location-document.json	2439	5	0	18	1	0	0	0	0	17	0	0	0	0	0	0	0	0	0	0	170	272	0	0	0	5	0	0
fsh-generated/resources/StructureDefinition-fr-media-document.json	6666	6	0	82	0	0	0	0	0	28	0	0	0	0	0	0	0	1	0	0	281	393	0	0	0	8	0	1
fsh-generated/resources/StructureDefinition-fr-medication-administration-document.json	8450	6	0	42	0	0	0	0	0	21	0	0	12	0	0	0	0	1	0	0	163	256	0	2	0	5	0	1
fsh-generated/resources/StructureDefinition-fr-medication-administration-sequence-extension.json	1992	5	0	8	0	0	0	0	0	9	0	0	0	0	0	0	0	0	0	0	40	99	0	0	0	1	0	0
fsh-generated/resources/StructureDefinition-fr-medication-dispense-document.json	4714	6	0	48	0	0	0	0	0	21	0	0	0	0	0	0	0	1	0	0	193	308	0	0	0	6	0	1
fsh-generated/resources/StructureDefinition-fr-medication-document.json	5892	6	0	33	0	0	0	0	0	244	0	0	0	0	0	0	0	0	0	0	165	249	0	0	0	5	1	0
fsh-generated/resources/StructureDefinition-fr-medication-request-document.json	20331	6	0	95	0	0	0	0	1	47	0	0	0	0	0	0	0	2	0	0	464	583	0	0	0	16	0	2
fsh-generated/resources/StructureDefinition-fr-medication-request-out-of-nomenclature-extension.json	2055	6	0	9	0	0	0	0	0	10	0	0	0	0	0	0	0	0	0	0	43	98	0	0	0	1	0	0
fsh-generated/resources/StructureDefinition-fr-medication-statement-document.json	7137	6	0	34	1	0	0	0	0	19	0	0	0	0	0	0	0	1	0	0	176	276	0	0	0	6	0	1
fsh-generated/resources/StructureDefinition-fr-medications-combinaison-document.json	1593	5	0	22	0	0	0	0	0	12	0	0	0	0	0	0	0	0	0	0	85	150	0	0	0	2	0	0
fsh-generated/resources/StructureDefinition-fr-method-extension.json	2021	6	0	9	0	0	0	0	0	10	0	0	0	0	0	0	0	0	0	0	39	110	0	0	0	1	0	0
fsh-generated/resources/StructureDefinition-fr-not-covered-extension.json	1821	5	0	9	0	0	0	0	0	9	0	0	0	0	0	0	0	0	0	0	42	98	0	0	0	1	0	0
fsh-generated/resources/StructureDefinition-fr-number-of-frames-extension.json	1590	5	0	8	0	0	0	0	0	10	0	0	0	0	0	0	0	0	0	0	38	98	0	0	0	1	0	0
fsh-generated/resources/StructureDefinition-fr-observation-administration-blood-derivatives-document.json	5896	6	0	47	1	0	0	0	0	25	0	0	0	0	0	0	0	1	0	0	213	4721	0	0	0	7	0	1
fsh-generated/resources/StructureDefinition-fr-observation-antenatal-testing-surveillance-battery-document.json	3468	6	0	48	0	0	0	0	0	20	0	0	0	0	0	0	0	0	0	0	198	297	0	0	0	7	0	1
fsh-generated/resources/StructureDefinition-fr-observation-birth-event-document.json	3335	5	0	43	0	0	0	0	0	17	0	0	0	0	0	0	0	1	0	0	162	257	0	0	0	6	0	0
fsh-generated/resources/StructureDefinition-fr-observation-blood-product-transfusion-document.json	6047	6	0	51	0	0	0	0	0	23	0	0	0	0	0	0	0	1	0	0	230	348	0	1	0	8	0	1
fsh-generated/resources/StructureDefinition-fr-observation-contra-indications-document.json	6203	6	0	51	1	0	0	0	0	24	0	0	0	0	0	0	0	1	0	0	230	1262	0	0	0	10	0	1
fsh-generated/resources/StructureDefinition-fr-observation-laboratory-report-results-document.json	18234	6	0	106	0	0	0	0	1	47	0	0	1	0	0	0	0	2	0	0	510	4613	0	0	0	19	0	2
fsh-generated/resources/StructureDefinition-fr-observation-medical-summary-document.json	6007	6	0	53	0	0	0	0	0	22	0	0	0	0	0	0	0	1	0	0	230	325	0	0	0	9	0	1
fsh-generated/resources/StructureDefinition-fr-observation-microorganism-detection-document.json	5905	5	0	47	0	0	0	0	0	151	0	0	0	0	0	0	0	0	0	0	212	309	0	0	0	7	0	1
fsh-generated/resources/StructureDefinition-fr-observation-pain-score-document.json	3585	6	0	42	0	0	0	0	0	19	0	0	0	0	0	0	0	1	0	0	170	480	0	0	0	6	0	0
fsh-generated/resources/StructureDefinition-fr-observation-pregnancy-document.json	6286	6	0	53	0	0	0	0	0	21	0	0	0	0	0	0	0	1	0	0	208	541	0	0	0	8	0	1
fsh-generated/resources/StructureDefinition-fr-observation-pregnancy-history-document.json	2691	5	0	44	1	0	0	0	0	17	0	0	0	0	0	0	0	0	0	0	160	292	0	0	0	5	1	1
fsh-generated/resources/StructureDefinition-fr-observation-radiation-exposure-document.json	8774	6	0	55	0	0	0	0	0	24	0	0	0	0	0	0	0	1	0	0	245	374	0	0	0	11	0	0
fsh-generated/resources/StructureDefinition-fr-observation-result-document.json	6372	6	0	47	0	0	0	0	0	21	0	0	0	0	0	0	0	1	0	0	233	315	0	0	0	8	0	1
fsh-generated/resources/StructureDefinition-fr-observation-social-history-document.json	3320	6	0	43	0	0	0	0	0	18	0	0	0	0	0	0	0	1	0	0	163	407	0	0	0	6	0	1
fsh-generated/resources/StructureDefinition-fr-observation-survey-document.json	12191	6	0	194	0	0	0	0	1	36	0	0	0	0	0	0	0	1	0	0	413	4543	0	0	0	14	0	1
fsh-generated/resources/StructureDefinition-fr-observation-survey-pannel-document.json	2184	5	0	39	0	0	0	0	0	15	0	0	0	0	0	0	0	1	0	0	135	239	0	0	0	4	0	1
fsh-generated/resources/StructureDefinition-fr-observation-transfusion-accidents-document.json	5800	6	0	45	1	0	0	0	0	21	0	0	0	0	0	0	0	0	0	0	212	317	0	0	0	8	0	1
fsh-generated/resources/StructureDefinition-fr-observation-vital-signs-document.json	4683	5	0	56	0	0	0	0	0	22	0	0	0	0	0	0	0	1	0	0	229	797	0	0	0	8	0	1
fsh-generated/resources/StructureDefinition-fr-observation-work-related-accident-document.json	5911	6	0	49	0	0	0	0	0	21	0	0	1	0	0	0	0	1	0	0	213	304	0	0	0	8	0	0
fsh-generated/resources/StructureDefinition-fr-organization-document.json	1360	5	0	33	0	0	0	0	0	29	0	0	0	0	0	0	0	2	0	0	359	669	0	0	0	11	0	2
fsh-generated/resources/StructureDefinition-fr-patient-document.json	663	6	0	21	0	0	0	0	0	21	0	0	0	0	0	0	0	1	0	0	235	463	0	0	0	8	0	2
fsh-generated/resources/StructureDefinition-fr-patient-history-extension.json	2125	5	0	9	0	0	0	0	0	10	0	0	0	0	0	0	0	0	0	0	40	102	0	0	0	1	0	0
fsh-generated/resources/StructureDefinition-fr-patient-ins-document.json	2407	6	0	31	0	0	0	0	0	28	0	0	0	0	0	0	0	2	0	0	314	604	0	1	0	10	1	1
fsh-generated/resources/StructureDefinition-fr-performer-event-extension.json	2029	5	0	9	0	0	0	0	0	11	0	0	0	0	0	0	0	0	0	0	56	121	0	0	0	2	0	1
fsh-generated/resources/StructureDefinition-fr-practitioner-document.json	2538	6	0	48	1	0	0	0	0	34	0	0	0	0	0	0	0	3	0	0	417	1149	0	0	0	13	0	2
fsh-generated/resources/StructureDefinition-fr-practitionerRole-document.json	3088	5	0	20	0	0	0	0	0	22	0	0	0	0	0	0	0	1	0	0	215	377	0	0	0	7	0	1
fsh-generated/resources/StructureDefinition-fr-pregnancy-history-document.json	2200	6	0	25	0	0	0	0	0	12	0	0	0	0	0	0	0	0	0	0	96	182	0	0	0	3	0	0
fsh-generated/resources/StructureDefinition-fr-procedure-act-document.json	13231	6	0	87	0	0	0	0	1	34	0	0	0	0	0	0	0	1	0	0	382	491	0	0	0	13	0	2
fsh-generated/resources/StructureDefinition-fr-procedure-difficulty-extension.json	1518	5	0	9	0	0	0	0	0	9	0	0	0	0	0	0	0	0	0	0	38	94	0	0	0	1	0	0
fsh-generated/resources/StructureDefinition-fr-procedure-imaging-document.json	6581	6	0	44	0	0	0	0	0	22	0	0	1	0	0	0	0	1	0	0	194	276	0	0	0	6	0	1
fsh-generated/resources/StructureDefinition-fr-procedure-priority-extension.json	1640	5	0	9	0	0	0	0	0	10	0	0	0	0	0	0	0	0	0	0	40	98	0	0	0	1	0	0
fsh-generated/resources/StructureDefinition-fr-related-person-document.json	2061	6	0	14	0	0	0	0	0	17	0	0	0	0	0	0	0	1	0	0	148	249	0	0	0	5	0	1
fsh-generated/resources/StructureDefinition-fr-service-request-document.json	6816	6	0	52	1	0	0	0	0	21	0	0	0	0	0	0	0	1	0	0	222	328	0	0	0	7	0	0
fsh-generated/resources/StructureDefinition-fr-specimen-document.json	5483	6	0	38	0	0	0	0	0	21	0	0	0	0	0	0	0	0	0	0	195	271	0	0	0	6	0	1
fsh-generated/resources/StructureDefinition-fr-status-reason-extension.json	1436	5	0	8	0	0	0	0	0	10	0	0	0	0	0	0	0	0	0	0	39	94	0	0	0	1	0	0
fsh-generated/resources/StructureDefinition-fr-study-instance-uid-identifier-document.json	1086	5	0	9	0	0	0	0	0	11	0	0	0	0	0	0	0	1	0	0	65	129	0	0	0	2	0	0
fsh-generated/resources/StructureDefinition-fr-task-patient-transport-document.json	5700	6	0	69	0	0	0	0	0	1153	0	0	0	0	0	0	0	1	0	0	285	425	0	0	0	9	1	1
fsh-generated/resources/ValueSet-fr-doc-vs-participation-type.json	790	6	0	0	0	0	0	0	0	96	0	0	0	0	0	0	0	0	0	0	24	68	0	0	0	0	0	1
fsh-generated/resources/ValueSet-fr-doc-vs-role-prise-charge.json	683	5	0	0	0	0	0	0	0	16	0	0	0	0	0	0	0	0	0	0	21	188	0	0	0	0	0	0
fsh-generated/resources/ValueSet-fr-vs-actor-type-document.json	719	5	0	0	0	0	0	0	1	13	0	0	0	0	0	0	0	0	0	0	24	44	0	0	0	1	0	0
fsh-generated/resources/ValueSet-fr-vs-allergy-substance.json	1109	6	0	0	1	0	0	0	0	388	0	0	0	0	0	0	0	0	0	0	21	872	0	0	0	0	0	0
fsh-generated/resources/ValueSet-fr-vs-edqm-document.json	492	5	0	0	0	0	0	0	0	11	0	0	0	0	0	0	0	0	0	0	22	1636	0	0	0	0	0	0
fsh-generated/resources/ValueSet-fr-vs-evaluation-type.json	606	5	0	0	0	0	0	0	0	8	0	0	0	0	0	0	0	0	0	0	21	1285	0	0	0	0	0	0
fsh-generated/resources/ValueSet-fr-vs-medication-translation-document.json	807	6	0	0	0	0	0	0	0	162	0	0	0	0	0	0	0	0	0	0	22	733	0	0	0	0	0	0
fsh-generated/resources/ValueSet-fr-vs-procedure-code.json	1065	5	0	0	0	0	0	0	0	510	0	0	0	0	0	0	0	0	0	0	21	923	0	0	0	1	0	0
fsh-generated/resources/ValueSet-fr-vs-result-type-document.json	1011	6	0	0	0	0	1	0	1	188	0	0	0	0	0	0	0	0	0	0	20	231	0	0	0	0	0	0
input/resources/BIO-CR-BIO-2024.01-Microbiologie-V1.xml	203367	110	0	0	0	0	0	0	4	0	0	0	0	0	0	0	0	0	0	0	223	109	0	0	0	0	0	0
input/resources/BIO-CR-BIO-2024.01-glycemie-mole.xml	133312	50	0	0	1	0	0	0	2	0	0	0	0	0	0	0	0	1	0	0	162	81	0	0	0	0	0	0
input/resources/IPS-FR-2024.01.xml	1507918	292	0	0	0	0	0	0	15	0	0	0	0	0	0	0	0	1	0	0	1606	278	0	0	0	0	0	1
input/resources/LDL-SES-2022.01.xml	76644	69	0	0	0	0	0	0	4	0	0	0	0	0	0	0	0	1	0	0	70	52	0	0	0	0	0	0
input/resources/eDISP-MED-2024.01.xml	66870	62	0	0	0	0	0	0	3	0	0	0	0	0	0	0	0	0	0	0	47	46	0	0	0	0	0	1
input/resources/eP-MED-DM-2024.01-PosoNonStruct.xml	211712	53	0	0	0	0	0	0	5	0	0	0	0	0	0	0	0	0	0	0	214	68	0	0	0	0	0	0
input/resources/eP-MED-DM-2024.01-PosoStruct.xml	227489	55	0	0	0	0	0	0	4	0	0	0	0	0	0	0	0	1	0	0	221	80	0	0	0	0	0	0
/fsh-generated/includes/fsh-link-references.md	26545	-	-	-	0	0	0	0	0	0	0	0	0	0	0	0	0	0	0	0	0	1	0	0	0	0	0	0
/fsh-generated/includes/menu.xml	4395	-	-	-	0	0	0	0	0	0	0	0	0	0	0	0	0	0	0	0	0	0	0	0	0	0	0	0
/input/data/features.yml	164	-	-	-	0	0	0	0	0	0	0	0	0	0	0	0	0	0	0	0	0	0	0	0	0	0	0	0
/input/pagecontent/structureGenerale.md	138	-	-	-	0	0	0	0	0	0	0	0	0	0	0	0	0	0	0	0	0	0	0	0	0	0	0	0
/input/pagecontent/introduction.md	895	-	-	-	0	0	0	0	0	0	0	0	0	0	0	0	0	0	0	0	0	0	0	0	0	0	0	0
/input/pagecontent/ressourcesCDA-struc-gen.md	34121	-	-	-	0	0	0	0	0	0	0	0	0	0	0	0	0	0	0	0	0	1	0	0	0	0	0	0
/input/pagecontent/ressourcesCDA-entete.md	8988	-	-	-	0	0	0	0	0	0	0	0	0	0	0	0	0	0	0	0	0	0	0	0	0	0	0	0
/input/pagecontent/corpsDocument.md	196	-	-	-	0	0	0	0	0	0	0	0	0	0	0	0	0	0	0	0	0	0	0	0	0	0	0	0
/input/pagecontent/ressourcesFHIR-corps.md	1735	-	-	-	0	0	0	0	0	0	0	0	0	0	0	0	0	0	0	0	0	12	0	0	0	0	0	0
/input/pagecontent/enteteDocument.md	197	-	-	-	0	0	0	0	0	0	0	0	0	0	0	0	0	0	0	0	0	0	0	0	0	0	0	0
/input/pagecontent/mappingCDA-FHIR-struc-gen.md	6876	-	-	-	0	0	0	0	0	0	0	0	0	0	0	0	0	0	0	0	0	0	0	0	0	0	0	0
/input/pagecontent/exigencesSpecifiques.md	5319	-	-	-	0	0	0	0	0	0	0	0	0	0	0	0	0	0	0	0	0	0	0	0	0	0	0	0
/input/pagecontent/StructureDefinition-Auteur-intro.md	788	-	-	-	0	0	0	0	0	0	0	0	0	0	0	0	0	0	0	0	0	1	0	0	0	0	0	0
/input/pagecontent/ressourcesFHIR-entete.md	651	-	-	-	0	0	0	0	0	0	0	0	0	0	0	0	0	0	0	0	0	1	0	0	0	0	0	0
/input/pagecontent/securite.md	900	-	-	-	0	0	0	0	0	0	0	0	0	0	0	0	0	0	0	0	0	0	0	0	0	0	0	0
/input/pagecontent/mappingCDA-FHIR-entete.md	4538	-	-	-	0	0	0	0	0	0	0	0	0	0	0	0	0	0	0	0	0	83	0	0	0	0	0	0
/input/pagecontent/ressourcesCDA-corps.md	0	-	-	-	0	0	0	0	0	0	0	0	0	0	0	0	0	0	0	0	0	0	0	0	0	0	0	0
/input/pagecontent/ressourcesFHIR-struc-gen.md	20905	-	-	-	0	0	0	0	0	0	0	0	0	0	0	0	0	0	0	0	0	1	0	0	0	0	0	0
/input/pagecontent/downloads.md	1012	-	-	-	0	0	0	0	0	0	0	0	0	0	0	0	0	0	0	0	0	0	0	0	0	0	0	0
/input/pagecontent/index.md	4348	-	-	-	0	0	0	0	0	0	0	0	0	0	0	0	0	0	0	0	0	0	0	0	0	0	0	0
/input/pagecontent/autres_ressources.md	152	-	-	-	0	0	0	0	0	0	0	0	0	0	0	0	0	0	0	0	0	0	0	0	0	0	0	0
/input/pagecontent/mappingCDA-FHIR-corps.md	3562	-	-	-	0	0	0	0	0	0	0	0	0	0	0	0	0	0	0	0	0	82	0	0	0	0	0	0
/template/config	0	-	-	-	0	0	0	0	0	0	0	0	0	0	0	0	0	0	0	0	0	0	0	0	0	0	0	0
/template/config/_config.yml	31	-	-	-	0	0	0	0	0	0	0	0	0	0	0	0	0	0	0	0	0	0	0	0	0	0	0	0
/input/images	0	-	-	-	0	0	0	0	0	0	0	0	0	0	0	0	0	0	0	0	0	0	0	0	0	0	0	0
/input/images/ExempleRéférencementElémentCodé.png	37504	-	-	-	0	0	0	0	0	0	0	0	0	0	0	0	0	0	0	0	0	0	0	0	0	0	0	0
/input/images/anImage.png	36288	-	-	-	0	0	0	0	0	0	0	0	0	0	0	0	0	0	0	0	0	0	0	0	0	0	0	0
/input/images/ci-sis-logo.png	61365	-	-	-	0	0	0	0	0	0	0	0	0	0	0	0	0	0	0	0	0	0	0	0	0	0	0	0
/input/images/EntryRelationshipRelationEntre2Eléments.png	14200	-	-	-	0	0	0	0	0	0	0	0	0	0	0	0	0	0	0	0	0	1	0	0	0	0	0	0
/input/images/ExempleRéférencementElémentNonCodé.png	79302	-	-	-	0	0	0	0	0	0	0	0	0	0	0	0	0	0	0	0	0	0	0	0	0	0	0	0
/input/images/SchemaXMLCDAR2.png	426354	-	-	-	0	0	0	0	0	0	0	0	0	0	0	0	0	0	0	0	0	0	0	0	0	0	0	0
/input/images/FormesDocumentsCDA.png	200143	-	-	-	0	0	0	0	0	0	0	0	0	0	0	0	0	0	0	0	0	0	0	0	0	0	0	0
/temp/pages/_includes/artifacts.xml	163517	-	-	-	-	-	-	-	-	-	-	-	-	-	-	-	-	-	-	-	-	2	0	0	0	0	0	0
